{
    "accuracy": 0.8942125,
    "precision_macro": 0.5146700692862575,
    "recall_macro": 0.9574680596915254,
    "f1_macro": 0.5632639450205974
}