{
    "accuracy": 0.9827010407647588,
    "precision_macro": 0.8944096311343438,
    "recall_macro": 0.7715038168912809,
    "f1_macro": 0.7842095663240758
}